Match_ID,Player_Slot,Radiant_Win,Duration,Game_Mode,Lobby_Type,Hero_ID,Start_Time,Version,Kills,Deaths,Leaver_Status,Party_Size,Skill
2402321558,0,True,1959,3,7,106,2016-05-31,,14,2,0,,
2402400720,0,False,1614,3,7,17,2016-05-31,,6,4,0,,
2402474190,2,True,1724,3,7,17,2016-05-31,,15,2,0,,
2402546285,131,False,2978,3,7,1,2016-05-31,,17,2,0,,
2402663608,3,True,1736,3,7,98,2016-05-31,,9,1,0,,
2402759151,0,True,1711,3,7,34,2016-05-31,,25,1,0,,
2402850568,1,True,2074,3,7,106,2016-05-31,,14,5,0,,
2402958911,128,True,3446,3,7,13,2016-05-31,,16,7,0,,
2403145580,132,False,1911,3,7,72,2016-05-31,,11,2,0,,
2403292078,129,False,2314,3,7,74,2016-05-31,,21,3,0,,
2403414371,3,True,2053,3,7,80,2016-05-31,,7,1,0,,
2403496230,128,False,2535,3,7,10,2016-05-31,,8,5,0,,
2403645717,3,True,1615,3,7,1,2016-05-31,,9,2,0,,
2403771465,4,False,2402,3,7,60,2016-05-31,,4,3,0,,
2404357961,130,False,2142,3,7,65,2016-06-01,,4,2,0,,
2404464771,129,False,2384,3,7,64,2016-06-01,,7,4,0,,
2404581326,1,True,3164,3,7,74,2016-06-01,,8,6,0,,
2404693889,130,False,1687,3,7,98,2016-06-01,,14,5,0,,
2405318482,130,True,2084,3,7,39,2016-06-01,,10,2,0,,
2406411574,2,False,2401,3,7,21,2016-06-02,,13,3,0,,
2406469003,4,True,3235,3,7,49,2016-06-02,,11,5,0,,
2406552017,128,False,2072,3,7,55,2016-06-02,,4,4,0,,
2406619980,3,True,3295,3,7,34,2016-06-02,,18,10,0,,
2406723140,129,True,3711,3,7,41,2016-06-02,,8,10,0,,
2406851440,130,False,2940,3,0,10,2016-06-02,,11,2,0,,
2406959444,130,True,2680,3,0,64,2016-06-02,,9,9,0,,
2407127517,129,True,1737,3,7,77,2016-06-02,,6,5,0,,
2407218361,4,False,1778,3,7,73,2016-06-02,,1,9,0,,
2407319352,0,False,1998,3,7,48,2016-06-02,,8,6,0,,
2407502596,0,True,1995,3,7,2,2016-06-02,,21,3,0,,
2407614971,128,True,2601,3,7,55,2016-06-02,,4,9,0,,
2407744753,0,False,1481,3,7,80,2016-06-02,,1,1,3,,
2407893379,3,True,1689,3,7,77,2016-06-02,,7,1,0,,
2407966452,1,True,2119,3,7,34,2016-06-02,,18,1,0,,
2408074589,132,False,2506,3,7,74,2016-06-02,,24,4,0,,
2408698681,130,False,1793,3,7,80,2016-06-03,,3,1,0,,
2409462896,131,False,4042,3,7,101,2016-06-03,,16,9,0,,
2409648905,0,True,2387,3,7,98,2016-06-03,,23,6,0,,
2409770806,131,False,1550,3,7,84,2016-06-03,,5,2,0,,
2409897444,131,False,1381,3,7,1,2016-06-03,,2,1,0,,
2409982431,0,True,1741,3,7,14,2016-06-03,,0,5,0,,
2410081934,2,True,1893,3,7,80,2016-06-03,,6,1,0,,
2410169689,0,True,2689,3,7,26,2016-06-03,,3,8,0,,
2411006205,4,True,1845,3,7,74,2016-06-04,,12,4,0,,
2411080460,0,True,2727,3,7,106,2016-06-04,,20,4,0,,
2412323721,130,True,2131,3,7,88,2016-06-04,,1,10,0,,
2412436312,3,True,1952,3,7,2,2016-06-04,,13,4,0,,
2412537832,130,True,1931,3,7,53,2016-06-04,,3,9,0,,
2413491805,2,True,2374,3,7,80,2016-06-05,,12,2,0,,
2413959895,2,False,2354,3,7,80,2016-06-05,,2,4,0,,
2414089608,3,True,2046,3,7,34,2016-06-05,,13,2,0,,
2416111340,129,True,1809,3,7,98,2016-06-06,,0,6,0,,
2417485768,4,False,2826,3,7,34,2016-06-06,,7,7,0,,
2417652824,0,True,2663,3,7,1,2016-06-06,,8,5,0,,
2418954577,131,True,3606,3,7,11,2016-06-07,,18,9,0,,
2421198572,130,False,1930,3,7,52,2016-06-08,,17,6,0,,
2421652302,4,True,1355,3,7,34,2016-06-08,,5,3,0,,
2421730997,131,False,1698,3,7,39,2016-06-08,,19,2,0,,
2421814797,130,True,2592,3,7,77,2016-06-08,,12,3,0,,
2421943545,129,False,1630,3,7,56,2016-06-08,,7,1,0,,
2422054545,130,True,646,3,7,106,2016-06-08,,1,3,3,,
2422113155,3,True,1574,4,0,56,2016-06-08,,8,2,0,,
2424192756,131,True,2402,3,7,15,2016-06-09,,13,6,0,,
2424315476,129,False,1733,3,7,23,2016-06-09,,8,5,0,,
2424396567,3,False,2558,3,7,93,2016-06-09,,15,7,0,,
2424548050,130,True,3019,3,7,106,2016-06-09,,9,8,0,,
2425345729,0,True,2213,3,7,74,2016-06-10,,12,3,0,,
2426339949,0,False,1826,3,7,74,2016-06-10,,3,6,0,,
2426438397,128,False,2473,3,7,93,2016-06-10,,17,4,0,,
2426570357,130,False,2131,3,7,104,2016-06-10,,9,7,0,,
2426787695,132,True,3594,3,7,34,2016-06-10,,17,10,0,,
2426941826,128,False,2123,3,7,74,2016-06-10,,17,2,0,,
2427042529,130,False,1814,3,7,106,2016-06-10,,16,3,0,,
2427116743,2,True,1822,3,7,80,2016-06-10,,3,3,0,,
2427180511,1,True,975,3,7,39,2016-06-10,,9,0,0,,
2427222588,131,True,1286,3,7,73,2016-06-10,,2,4,0,,
2427266721,3,False,1568,3,7,21,2016-06-10,,1,3,0,,
2430660292,132,False,3309,3,7,74,2016-06-12,,8,4,0,,
2430795405,1,True,1880,3,7,74,2016-06-12,,12,1,0,,
2430885398,1,True,3080,3,7,54,2016-06-12,,9,9,0,,
2431004374,129,False,2093,3,7,8,2016-06-12,,21,0,0,,
2431086396,0,True,2855,3,7,54,2016-06-12,,15,6,0,,
2431231403,129,True,2923,3,7,18,2016-06-12,,8,2,0,,
2431400673,131,False,2275,3,7,98,2016-06-12,,14,2,0,,
2431542573,4,True,1662,3,7,52,2016-06-12,,14,2,0,,
2431638104,0,True,2470,3,7,74,2016-06-12,,18,4,0,,
2431747746,132,False,2178,3,7,8,2016-06-12,,7,1,0,,
2433539310,0,True,1886,3,7,89,2016-06-13,,5,1,0,,
2433635821,2,False,1514,3,7,18,2016-06-13,,1,6,0,,
2433717510,3,True,1586,3,7,39,2016-06-13,,7,1,0,,
2433857145,131,False,2112,3,7,15,2016-06-13,,5,0,0,,
2433979521,132,False,2182,3,7,74,2016-06-13,,7,4,0,,
2435074267,2,True,1656,3,7,98,2016-06-14,,17,4,0,,
2435980422,2,True,1449,3,7,64,2016-06-14,,6,4,0,,
2437277397,0,True,1616,3,7,21,2016-06-15,,11,2,0,,
2438233574,3,True,3216,3,7,72,2016-06-15,,18,12,0,,
2438442241,0,False,2276,3,7,86,2016-06-15,,11,9,0,,
2438544623,129,False,2325,3,7,44,2016-06-15,,22,2,0,,
2438635149,130,False,2603,3,7,34,2016-06-15,,20,8,0,,
2440305608,132,True,1488,3,7,9,2016-06-16,,1,7,0,,
2440406782,128,True,2990,3,7,34,2016-06-16,,9,9,0,,
2444857351,1,True,2491,3,7,98,2016-06-18,,6,8,0,,
2444990277,129,False,3213,3,7,34,2016-06-18,,30,6,0,,
2445185680,128,True,1834,3,7,39,2016-06-18,,6,7,0,,
2447880390,2,True,2149,1,0,98,2016-06-19,,17,8,0,,
2447994821,131,False,2486,1,0,98,2016-06-19,,20,9,0,,
2449631458,2,True,3516,3,7,55,2016-06-20,,0,9,0,,
2450226609,3,False,2850,1,0,23,2016-06-20,,8,11,0,,
2451447326,2,True,2473,3,7,2,2016-06-21,,22,9,0,,
2453183178,132,False,2866,2,1,43,2016-06-22,16,12,1,0,,
2453312103,132,True,4092,2,1,2,2016-06-22,16,10,9,0,,
2453426095,4,True,2476,2,1,49,2016-06-22,16,5,4,0,,
2453508573,132,True,2974,2,1,34,2016-06-22,16,8,3,0,,
2454351067,128,False,2990,3,0,23,2016-06-22,,7,5,0,,
2455582304,132,True,2445,3,7,98,2016-06-23,,12,12,0,,
2455688283,132,False,1150,2,1,47,2016-06-23,16,9,2,0,,
2455917294,2,True,1064,2,1,49,2016-06-23,16,7,0,0,,
2456114522,4,True,1093,2,1,21,2016-06-23,16,16,0,0,,
2456254707,0,True,1859,2,1,49,2016-06-23,16,8,2,0,,
2456600470,2,True,1239,3,0,84,2016-06-23,,0,3,0,,
2457547347,4,False,3433,2,1,43,2016-06-24,16,2,4,0,,
2463871436,2,True,1985,1,0,95,2016-06-26,,12,4,0,,
2463946407,3,True,4072,3,0,2,2016-06-26,,15,18,0,,
2464862370,130,False,2634,3,7,56,2016-06-27,,11,6,0,,
2465714479,130,True,2734,3,7,39,2016-06-27,,16,7,0,,
2465832075,1,True,1559,3,7,28,2016-06-27,,1,0,0,,
2465913829,131,True,2863,3,7,28,2016-06-27,,8,9,0,,
2466031373,1,False,2214,3,7,11,2016-06-27,,10,6,0,,
2466116377,131,False,1609,3,7,17,2016-06-27,,11,5,0,,
2467604370,130,False,2172,3,7,34,2016-06-28,,23,1,0,,
2468101391,130,True,1789,3,0,98,2016-06-28,,9,4,0,,
2468184187,130,True,2667,3,0,64,2016-06-28,,5,11,0,,
2469322433,0,True,1676,3,7,23,2016-06-29,,5,2,0,,
2479380701,130,False,1941,3,7,17,2016-07-03,,13,4,0,,
2483639537,131,False,1403,3,7,98,2016-07-05,,6,3,0,,
2483737950,1,True,2223,3,7,34,2016-07-05,,19,5,0,,
2485983505,132,True,953,2,1,98,2016-07-06,20,0,4,0,,
2486067834,132,False,2144,2,1,34,2016-07-06,20,8,2,0,,
2488090033,132,True,1652,2,1,98,2016-07-07,20,5,4,0,,
2488198093,132,False,1848,2,1,34,2016-07-07,20,4,1,0,,
2489540603,132,False,2103,2,1,98,2016-07-08,20,19,1,0,,
2489644925,4,True,1327,2,1,17,2016-07-08,20,8,2,0,,
2498542424,132,False,2693,2,1,43,2016-07-12,20,7,5,0,,
2498634257,132,False,2746,2,1,2,2016-07-12,20,16,4,0,,
2501007313,132,False,1937,2,1,2,2016-07-13,20,19,2,0,,
2501098786,4,False,2067,2,1,23,2016-07-13,20,4,5,0,,
2503633886,132,False,1133,2,1,34,2016-07-14,20,3,1,0,,
2503727730,4,True,1127,2,1,11,2016-07-14,20,6,2,0,,
2508059014,4,True,2912,3,0,52,2016-07-16,,11,10,0,,
2508214676,1,True,2201,1,0,17,2016-07-16,,15,7,0,,
2508308503,1,True,1986,3,0,11,2016-07-16,,14,4,0,,
2510445794,131,False,1397,3,7,37,2016-07-17,,11,2,0,,
2510522802,3,True,1984,3,7,11,2016-07-17,,17,5,0,,
2510637700,3,False,2122,3,7,37,2016-07-17,,2,11,0,,
2510718532,131,False,1728,3,7,64,2016-07-17,,5,4,0,,
2512703366,3,True,1172,22,7,74,2016-07-18,16,6,0,0,,
2512790655,129,True,4356,22,7,98,2016-07-18,,14,15,0,,
2513594230,132,False,2136,22,7,32,2016-07-19,,6,3,0,,
2514128871,129,False,2349,22,7,86,2016-07-19,16,1,8,0,,
2514558356,131,True,1361,22,7,74,2016-07-19,,0,0,3,,
2514986515,2,True,2009,22,7,34,2016-07-19,16,10,1,0,,
2516179440,132,False,2592,2,1,2,2016-07-20,20,13,7,0,,
2516320820,132,False,1435,2,1,2,2016-07-20,20,15,2,0,,
2516609392,130,True,2530,22,7,34,2016-07-20,,8,4,0,,
2516732782,129,True,1371,22,7,9,2016-07-20,,3,7,0,,
2518063442,132,False,3564,2,1,2,2016-07-21,20,19,9,0,,
2518311144,132,True,1810,2,1,17,2016-07-21,20,9,3,0,,
2522031042,132,True,2115,2,1,45,2016-07-23,20,4,5,0,,
2522255182,3,True,1805,2,1,2,2016-07-23,,13,3,0,10,
2522498623,132,False,3086,2,1,0,2016-07-23,,0,0,1,,
2522518741,132,False,2338,2,1,43,2016-07-23,20,5,3,0,,
2522713248,132,True,2504,2,1,2,2016-07-23,20,5,9,0,,
2522868348,4,True,1493,2,1,74,2016-07-23,20,14,2,0,,
2523005484,132,True,2590,2,1,43,2016-07-23,20,2,5,0,,
2524959542,4,False,1685,2,1,43,2016-07-24,20,4,4,0,,
2525156136,4,False,1754,2,1,2,2016-07-24,20,6,8,0,,
2525452390,132,True,1205,2,1,43,2016-07-24,20,4,4,0,,
2525566002,4,True,1867,2,1,2,2016-07-24,20,15,1,0,,
2525745437,132,True,3024,2,1,34,2016-07-24,20,8,5,0,,
2527726877,132,False,1452,2,1,98,2016-07-25,21,17,0,0,,
2527988646,130,False,1797,3,0,94,2016-07-25,,11,2,0,,
2528072709,1,True,1759,3,0,101,2016-07-25,,18,5,0,,
2529170805,129,False,2019,3,7,98,2016-07-26,,7,3,0,,
2529891997,4,True,1799,2,1,74,2016-07-26,20,9,0,0,,
2530046432,128,False,2694,3,7,9,2016-07-26,,5,6,0,,
2531345784,132,False,2244,1,0,76,2016-07-27,,11,4,0,,
2531494486,2,True,1817,2,1,2,2016-07-27,20,13,3,0,,
2531581273,132,False,2588,2,1,8,2016-07-27,20,8,5,0,,
2533198398,2,True,1206,3,7,79,2016-07-28,,6,5,0,,
2533256323,131,True,2163,3,7,54,2016-07-28,,17,6,0,,
2533327738,2,True,2082,3,7,8,2016-07-28,,12,3,0,,
2533412344,1,True,2144,22,7,74,2016-07-28,,8,6,0,,
2533868959,130,False,1466,22,7,98,2016-07-28,,3,2,0,,
2537448241,4,False,2050,2,1,74,2016-07-30,20,6,6,0,,
2537577547,132,False,1673,2,1,47,2016-07-30,20,9,1,0,,
2537685831,4,False,2010,2,1,49,2016-07-30,20,1,6,0,,
2540229519,130,True,1798,3,0,46,2016-07-31,,3,5,0,,
2540300308,130,False,3326,3,0,49,2016-07-31,,5,6,0,,
2542632035,129,False,2130,22,7,74,2016-08-01,16,10,3,0,,
2542730633,0,False,2250,22,7,74,2016-08-01,16,4,8,0,,
2542805375,131,True,607,3,7,10,2016-08-01,16,0,0,0,,
2542842264,129,True,2159,22,7,98,2016-08-01,,2,7,0,,
2544207513,1,True,2179,22,7,74,2016-08-02,16,10,4,0,,
2544304841,2,True,2069,22,7,49,2016-08-02,,6,2,0,,
2547093902,1,False,2895,1,0,10,2016-08-03,,20,7,0,,
2548715146,4,False,3183,22,7,98,2016-08-04,,16,9,0,,
2548882504,131,True,2025,22,7,8,2016-08-04,16,3,6,0,,
2548950122,129,True,1586,22,7,9,2016-08-04,,2,9,0,,
2549000603,130,True,1744,22,7,9,2016-08-04,,5,6,0,,
2549057524,128,True,2918,22,7,103,2016-08-04,,3,8,0,,
2549136868,130,False,1769,22,7,74,2016-08-04,,13,2,0,,
2549388175,131,False,2564,1,0,93,2016-08-05,,16,6,0,,
2553114395,131,False,2727,22,7,80,2016-08-06,16,3,3,0,,
2553233655,128,True,1923,22,7,2,2016-08-06,16,8,10,0,,
2553320849,128,False,1554,22,7,79,2016-08-06,,8,3,0,,
2553418934,3,False,3439,22,7,74,2016-08-06,,8,9,0,,
2555418908,1,False,2205,22,7,2,2016-08-07,,5,8,0,,
2555523504,1,True,1026,22,7,74,2016-08-07,16,14,0,0,,
2555572745,2,True,1663,22,7,2,2016-08-07,16,10,4,0,,
2555652607,0,True,1316,22,7,74,2016-08-07,16,7,0,0,,
2555716953,4,True,1980,22,7,22,2016-08-07,,16,3,0,,
2555790433,2,False,1592,22,7,32,2016-08-07,,1,6,0,,
2566998853,4,False,2840,22,7,74,2016-08-13,,4,6,0,,
2567072880,0,False,2615,22,7,103,2016-08-13,,4,6,0,,
2567149514,3,False,2968,22,7,25,2016-08-13,,2,9,0,,
2567527440,1,False,2611,22,7,2,2016-08-13,16,9,8,0,,
2567643107,2,True,2293,22,7,41,2016-08-13,,1,5,0,,
2567751920,129,False,1466,22,7,9,2016-08-13,,10,3,0,,
2567827591,130,True,3416,22,7,98,2016-08-13,,26,8,0,,
2568699335,132,True,3396,22,7,74,2016-08-13,,14,7,0,,
2568857905,0,False,3062,22,7,9,2016-08-13,,8,6,0,,
2568987044,1,False,1296,22,7,17,2016-08-13,,1,2,0,,
2572074385,1,False,2525,3,7,76,2016-08-15,,10,4,0,,
2572123813,131,False,2185,3,7,9,2016-08-15,,6,3,0,,
2572175712,4,True,1517,3,7,36,2016-08-15,,4,2,0,,
2572287831,130,False,2582,3,7,34,2016-08-15,17,19,4,0,,
2572550055,1,False,1760,3,7,76,2016-08-15,,1,10,3,,
2572616868,1,False,2010,3,7,2,2016-08-15,,12,4,0,,
2572697816,2,True,1773,3,7,39,2016-08-15,,10,2,0,,
2572778069,0,True,2023,3,7,10,2016-08-15,17,11,2,0,,
2574941739,132,False,2734,3,7,2,2016-08-16,17,20,5,0,,
2576894979,128,False,2774,3,7,10,2016-08-17,,21,2,0,,
2576963548,4,True,1580,3,7,76,2016-08-17,17,7,1,0,,
2577022989,132,True,2111,3,7,98,2016-08-17,,7,10,0,,
2577095248,1,True,1163,3,7,34,2016-08-17,,5,1,0,,
2577209288,131,False,1833,3,7,10,2016-08-17,,9,1,0,,
2577300012,2,True,1897,3,7,2,2016-08-17,,12,2,0,,
2582935479,130,True,2792,3,7,34,2016-08-19,17,11,7,0,,
2583090910,129,True,3013,3,7,74,2016-08-19,,11,6,0,,
2583231705,2,False,1898,3,7,74,2016-08-19,,5,6,0,,
2584172323,4,True,1955,3,7,34,2016-08-20,,9,3,0,,
2584242983,132,True,1845,3,7,23,2016-08-20,17,2,3,0,,
2584312423,131,False,2143,3,7,34,2016-08-20,17,8,3,0,,
2584536181,2,True,2736,3,7,10,2016-08-20,,17,5,0,,
2584691284,131,True,2450,3,7,10,2016-08-20,,14,7,0,,
2586831520,2,False,3371,3,0,36,2016-08-21,,27,14,0,,
2586939445,2,True,3064,3,0,113,2016-08-21,,11,17,0,,
2587054857,131,False,2019,3,0,98,2016-08-21,,18,7,0,,
2587156842,3,False,3413,3,0,2,2016-08-21,,17,8,0,,
2587320091,130,True,2274,3,0,106,2016-08-21,,10,5,0,,
2592502572,3,False,2324,3,7,39,2016-08-23,,4,8,0,,
2592624212,131,False,1847,3,7,74,2016-08-23,,9,3,0,,
2592762059,132,False,2178,3,7,34,2016-08-23,,16,3,0,,
2592884826,130,False,3624,3,7,34,2016-08-23,,6,10,0,,
2593233318,128,True,3046,3,7,70,2016-08-23,,21,9,0,,
2593369276,4,True,1545,3,7,17,2016-08-23,,16,3,0,,
2593518612,130,False,1642,3,7,9,2016-08-23,,6,2,0,,
2595155912,131,False,2503,3,7,110,2016-08-24,,10,7,0,,
2595687201,4,False,2199,3,0,74,2016-08-24,,9,6,0,,
2595805072,3,False,2019,3,7,54,2016-08-24,,7,6,0,,
2597162546,3,True,1216,3,7,98,2016-08-25,17,11,0,0,,
2597335302,3,False,2225,3,7,89,2016-08-25,17,1,2,0,,
2597700339,129,True,1924,3,7,2,2016-08-25,,4,8,0,,
2597827674,3,True,2462,3,7,104,2016-08-25,,8,8,0,,
2597961245,3,True,2763,3,7,74,2016-08-25,,13,5,0,,
2600049391,128,True,2044,3,7,74,2016-08-26,,3,3,0,,
2600158571,0,False,3788,3,7,16,2016-08-26,,6,12,0,,
2600492484,132,True,2900,3,7,74,2016-08-26,,10,5,0,,
2600634433,1,True,1720,3,7,34,2016-08-26,,9,4,0,,
2600726568,2,False,2076,3,7,58,2016-08-26,,4,6,0,,
2600813295,2,True,1057,3,7,111,2016-08-26,,12,2,0,,
2600867440,131,True,2510,3,7,103,2016-08-26,,1,8,0,,
2600961055,1,False,2329,3,7,73,2016-08-26,,2,5,0,,
2601044999,3,True,1412,3,7,34,2016-08-26,17,11,3,0,,
2601095510,130,False,1255,3,7,17,2016-08-26,17,5,0,0,,
2601139320,1,False,2295,3,7,86,2016-08-26,17,1,11,0,,
2601207763,129,True,2835,3,7,98,2016-08-26,17,15,5,0,,
2602462759,0,False,2197,3,7,73,2016-08-27,17,4,7,0,,
2602556571,129,False,1577,3,7,73,2016-08-27,,2,2,0,,
2602704861,129,False,2185,3,7,74,2016-08-27,,5,7,0,,
2602824334,2,False,1946,22,7,98,2016-08-27,,3,12,0,,
2602968689,130,True,2166,3,7,73,2016-08-27,17,5,5,0,,
2603072606,130,False,1889,3,7,21,2016-08-27,,8,3,0,,
2603187347,132,False,2144,3,7,2,2016-08-27,17,14,8,0,,
2603298697,4,True,1750,3,7,2,2016-08-27,17,8,4,0,,
2603389085,1,True,2372,3,7,34,2016-08-27,,8,4,0,,
2603509340,131,False,2196,3,7,17,2016-08-27,17,19,4,0,,
2603611297,128,False,2606,3,7,46,2016-08-27,17,8,4,0,,
2605338834,4,True,1071,3,7,76,2016-08-28,,2,0,0,,
2605606662,4,True,1536,3,7,2,2016-08-28,17,5,1,0,,
2605704597,2,True,1498,3,7,76,2016-08-28,17,1,0,0,,
2605800129,0,True,2314,3,7,93,2016-08-28,17,3,8,0,,
2605917628,129,True,2654,3,7,59,2016-08-28,,6,8,0,,
2607599306,3,True,2135,3,7,34,2016-08-29,17,15,2,0,,
2607702817,132,True,2439,1,0,98,2016-08-29,,10,11,0,,
2607810214,129,True,2117,1,0,68,2016-08-29,,6,7,0,,
2607918200,0,True,3261,3,0,17,2016-08-29,,30,7,0,,
2610126814,3,True,2115,3,7,62,2016-08-30,,1,4,0,,
2610302756,3,True,2226,3,7,106,2016-08-30,,7,7,0,,
2610434013,0,True,1879,3,7,38,2016-08-30,,7,5,0,,
2610551168,2,False,1762,3,7,9,2016-08-30,,4,2,2,,
2611000344,0,True,1692,3,7,74,2016-08-30,,11,1,0,,
2611927614,1,True,1391,3,7,75,2016-08-31,,2,3,0,,
2611981726,1,False,2773,3,7,2,2016-08-31,,7,8,0,,
2612070648,131,True,2094,3,7,34,2016-08-31,,4,6,0,,
2612165169,3,False,2992,3,7,8,2016-08-31,,15,6,0,,
2612355995,3,True,3262,3,7,104,2016-08-31,,11,15,0,,
2612485937,129,False,2073,3,7,76,2016-08-31,17,14,2,0,,
2612614887,1,True,1825,3,7,2,2016-08-31,,8,2,0,,
2612735817,1,True,2760,3,7,34,2016-08-31,17,15,6,0,,
2612887701,1,True,2845,3,7,104,2016-08-31,,11,10,0,,
2613120670,131,True,1806,3,7,104,2016-08-31,,6,7,0,,
2613198298,2,True,2884,3,7,76,2016-08-31,,19,5,0,,
2613973781,0,False,2295,3,7,17,2016-09-01,,12,8,0,,
2614102009,132,True,3266,22,7,74,2016-09-01,,13,8,0,,
2614994216,0,True,2036,3,7,76,2016-09-01,,5,6,0,,
2615175103,1,True,1667,3,7,74,2016-09-01,,4,0,0,,
2615250010,3,False,1221,3,7,76,2016-09-01,,0,4,0,,
2615302196,128,True,2577,3,7,34,2016-09-01,,4,9,0,,
2616046755,129,False,1934,3,7,8,2016-09-02,,12,3,0,,
2616096929,4,True,2299,3,7,9,2016-09-02,,20,1,0,,
2616551664,129,False,2371,3,7,9,2016-09-02,,25,3,0,,
2617281328,128,False,1396,3,7,76,2016-09-02,,6,1,0,,
2618360933,129,False,2241,3,7,76,2016-09-03,,7,2,0,,
2618909058,128,True,3111,3,7,9,2016-09-03,,13,8,0,,
2619397154,4,True,1236,3,7,98,2016-09-03,,7,3,0,,
2619479675,3,True,1492,3,7,34,2016-09-03,,15,2,0,,
2619727614,0,False,1350,3,7,98,2016-09-03,,1,3,0,,
2619797690,132,False,1909,3,7,34,2016-09-03,,19,2,0,,
2620864269,2,False,2833,3,7,59,2016-09-04,,12,12,0,,
2620964995,130,True,3180,3,7,41,2016-09-04,,5,5,0,,
2621082565,0,False,1737,3,7,65,2016-09-04,,5,9,0,,
2621164850,131,False,3247,3,7,76,2016-09-04,,14,8,0,,
2621568128,131,False,2221,3,7,17,2016-09-04,,14,3,0,,
2621968907,0,True,2094,3,7,28,2016-09-04,,6,3,0,,
2622087679,2,False,2983,3,7,34,2016-09-04,,9,8,0,,
2622259479,132,True,2320,3,7,76,2016-09-04,,1,5,0,,
2622405759,131,False,2058,3,7,1,2016-09-04,,10,0,0,,
2622520411,4,True,1932,3,7,73,2016-09-04,,12,1,0,,
2623714626,130,True,1640,3,7,76,2016-09-05,,6,4,0,,
2624066846,129,False,2283,3,7,18,2016-09-05,,8,3,0,,
2624180059,129,False,2279,3,7,104,2016-09-05,,21,2,0,,
2624281636,2,True,4364,3,7,93,2016-09-05,,14,9,0,,
2624459330,130,True,2162,3,7,104,2016-09-05,,4,9,0,,
2624550469,2,True,1462,3,7,9,2016-09-05,,10,0,0,,
2624614450,130,True,3099,3,7,104,2016-09-05,,16,8,0,,
2625236764,0,False,1518,3,7,98,2016-09-06,,3,10,0,,
2625270524,1,True,1725,3,7,2,2016-09-06,,17,8,0,,
2625355335,3,True,2140,3,0,2,2016-09-06,,8,10,0,,
2626274624,2,True,1304,3,7,16,2016-09-06,,6,4,0,,
2626360178,131,False,2861,3,7,17,2016-09-06,,20,2,0,,
2626474267,130,True,1695,3,7,9,2016-09-06,,2,4,0,,
2629248666,2,True,1534,22,7,76,2016-09-08,,13,2,0,,
2629289554,2,True,1607,22,7,9,2016-09-08,,14,0,0,,
2629334721,1,True,1868,22,7,9,2016-09-08,17,14,4,0,,
2629699161,130,True,1549,22,7,9,2016-09-08,,2,4,0,,
2631420628,132,True,1107,2,1,76,2016-09-09,21,2,4,0,,
2631480293,2,False,3105,22,7,9,2016-09-09,,24,6,0,,
2632079518,4,False,3103,2,1,13,2016-09-09,21,4,8,0,,
2634042280,1,True,2010,22,7,9,2016-09-10,,14,5,0,,
2634150177,1,True,1765,22,7,17,2016-09-10,17,11,6,0,,
2634250364,3,True,2496,22,7,18,2016-09-10,,11,7,0,,
2636582594,2,False,1907,22,7,10,2016-09-11,17,2,6,3,,
2636674766,131,False,3015,22,7,104,2016-09-11,,32,5,0,,
2636825252,130,True,2633,22,7,76,2016-09-11,,10,9,0,,
2636998681,0,False,2537,22,7,104,2016-09-11,,10,6,0,,
2640965156,130,True,1867,3,7,104,2016-09-13,,2,7,0,,
2641019752,128,True,1929,3,7,74,2016-09-13,,3,6,0,,
2641075739,132,True,3342,3,7,34,2016-09-13,,8,8,0,,
2641174818,3,True,1837,3,7,104,2016-09-13,,8,7,0,,
2641238764,0,True,2481,3,7,34,2016-09-13,,21,3,0,,
2641330909,128,False,3125,3,7,76,2016-09-13,,6,3,0,,
2641443576,1,True,3139,3,7,104,2016-09-13,,21,8,0,,
2641565675,1,False,2015,3,7,104,2016-09-13,,6,13,0,,
2641667061,129,True,2075,3,7,113,2016-09-13,,4,4,0,,
2641764560,132,True,1768,3,7,74,2016-09-13,,12,11,0,,
2641854454,4,True,2209,3,7,74,2016-09-13,,18,2,0,,
2641964391,130,False,1503,3,7,104,2016-09-13,,10,2,0,,
2642042152,131,False,2335,3,7,13,2016-09-13,,11,3,0,,
2642133804,129,True,1939,3,7,74,2016-09-13,,8,7,0,,
2642202917,129,False,2088,3,7,98,2016-09-13,,8,6,0,,
2642277082,129,False,2027,3,7,74,2016-09-13,,11,2,0,,
2642821289,0,False,2873,3,7,17,2016-09-14,,9,8,0,,
2642888201,131,True,2230,3,7,76,2016-09-14,,7,1,0,,
2642943478,1,False,1817,3,7,25,2016-09-14,,5,4,0,,
2642990916,131,True,2429,3,7,23,2016-09-14,,8,4,0,,
2643059725,130,True,2275,3,7,44,2016-09-14,,1,4,0,,
2643128684,0,False,1935,3,7,74,2016-09-14,,5,7,0,,
2643192079,1,True,1324,3,7,39,2016-09-14,,7,0,0,,
2643241499,0,True,1582,3,7,17,2016-09-14,,15,0,0,,
2643350373,131,False,2904,3,7,76,2016-09-14,,18,6,0,,
2643460288,131,True,2283,3,7,23,2016-09-14,,4,10,0,,
2643560155,129,False,2541,3,7,9,2016-09-14,,16,6,0,,
2643669648,131,True,2813,3,7,34,2016-09-14,,7,6,0,,
2643797939,132,True,1774,3,7,109,2016-09-14,,1,5,0,,
2643892603,132,False,2146,3,7,104,2016-09-14,,10,4,0,,
2643998530,2,True,2073,3,7,98,2016-09-14,,12,5,0,,
2644102876,129,True,1946,3,7,6,2016-09-14,,13,5,0,,
2644159048,1,False,2443,3,7,2,2016-09-14,,7,14,0,,
2644251247,0,True,1764,3,7,9,2016-09-14,,9,5,0,,
2644322452,132,False,2400,3,7,98,2016-09-14,,13,5,0,,
2645128432,130,True,1982,3,7,34,2016-09-15,,11,4,0,,
2645198739,1,False,2317,3,7,34,2016-09-15,,2,6,0,,
2645286662,3,False,2353,3,7,9,2016-09-15,,9,6,0,,
2645375076,128,True,1647,3,7,11,2016-09-15,,2,3,0,,
2645443040,2,True,1713,3,7,76,2016-09-15,,12,1,0,,
2645540085,2,True,1600,3,7,98,2016-09-15,,12,4,0,,
2645613284,2,True,1282,3,7,8,2016-09-15,,5,2,0,,
2645778096,3,False,2428,3,7,76,2016-09-15,,6,7,0,,
2645890262,2,True,2400,3,7,46,2016-09-15,,10,2,0,,
2646020216,130,False,2046,3,7,76,2016-09-15,,20,0,0,,
2646156942,128,False,1789,3,7,9,2016-09-15,,13,3,0,,
2646336143,1,True,1579,3,7,9,2016-09-15,,14,0,0,,
2646415901,0,False,1849,3,7,98,2016-09-15,,4,4,0,,
2646487386,2,False,3429,3,7,15,2016-09-15,,5,13,0,,
2646600742,0,True,2059,3,7,2,2016-09-15,,15,4,0,,
2646665739,4,True,1442,3,7,9,2016-09-15,,5,0,0,,
2646733005,130,True,2257,3,7,76,2016-09-15,,11,4,0,,
2647362039,4,True,2235,3,7,76,2016-09-16,,13,3,0,,
2647448740,0,False,1822,3,7,76,2016-09-16,,5,6,0,,
2647520477,2,False,1706,3,7,13,2016-09-16,,3,6,0,,
2647596144,132,True,1946,3,7,34,2016-09-16,,8,8,0,,
2650746695,129,False,2607,3,7,9,2016-09-17,,12,8,0,,
2650958886,130,False,2843,3,7,76,2016-09-17,,20,6,0,,
2651108700,129,False,2822,3,7,9,2016-09-17,,18,2,0,,
2651253805,129,True,1746,3,7,34,2016-09-17,,3,6,0,,
2651339522,3,False,2521,3,7,49,2016-09-17,,7,12,0,,
2651456552,0,False,2092,3,7,74,2016-09-17,,6,9,0,,
2654053909,132,False,2602,3,7,10,2016-09-18,,14,2,0,,
2654125218,132,False,2182,3,7,16,2016-09-18,,10,2,0,,
2654574029,129,True,1963,3,7,23,2016-09-19,,6,10,0,,
2655890155,2,True,2418,3,7,35,2016-09-19,,12,3,0,,
2657005542,0,True,1941,3,7,17,2016-09-20,,9,5,0,,
2658344035,3,True,1810,3,7,104,2016-09-21,,9,1,0,,
2658381758,129,True,1962,3,7,74,2016-09-21,,2,6,0,,
2658423040,128,True,1524,3,7,34,2016-09-21,,1,5,0,,
2658458365,129,True,1723,3,7,74,2016-09-21,17,3,4,0,,
2658506364,129,False,2210,3,7,17,2016-09-21,,20,7,0,,
2658679284,4,True,3438,3,7,76,2016-09-21,,17,6,0,,
2658880317,0,True,1455,3,7,25,2016-09-21,,8,3,0,,
2659257175,131,False,1849,3,7,104,2016-09-21,,15,4,0,,
2660463743,0,True,1435,3,7,34,2016-09-22,,11,1,0,,
2660503579,132,False,2798,3,7,74,2016-09-22,,15,8,0,,
2661758256,1,False,2021,3,7,76,2016-09-22,,6,6,0,,
2661834620,129,False,3650,3,7,10,2016-09-22,,14,9,0,,
2661943916,4,True,2089,3,7,10,2016-09-22,,15,3,0,,
2662005452,3,True,1829,3,7,93,2016-09-22,,11,1,0,,
2662058810,3,True,2477,3,7,10,2016-09-22,,16,6,0,,
2662115574,132,False,3159,3,7,76,2016-09-22,,21,5,0,,
2662174481,2,True,1463,3,7,73,2016-09-23,,7,3,0,,
2663460861,4,True,2086,3,7,9,2016-09-23,,8,1,0,,
2663674712,132,False,2815,3,0,43,2016-09-23,,13,3,0,,
2663809691,4,True,1775,3,0,9,2016-09-23,,17,0,0,,
2663905965,132,True,1563,3,0,104,2016-09-23,,4,9,0,,
2663992165,1,True,1880,3,7,9,2016-09-23,,3,6,0,,
2664079643,132,True,1530,3,7,10,2016-09-23,,1,4,0,,
2664144472,128,False,1492,3,7,17,2016-09-23,,7,2,0,,
2664213029,130,False,1639,3,7,76,2016-09-23,,14,0,0,,
2665695571,131,False,1524,1,0,34,2016-09-24,,1,2,0,,
2665785590,4,True,2536,1,0,79,2016-09-24,,6,5,0,,
2665916047,4,True,1884,1,0,2,2016-09-24,,12,1,0,,
2666023049,4,True,2135,3,0,9,2016-09-24,,10,4,0,,
2666231098,4,True,1837,3,0,23,2016-09-24,,8,2,0,,
2668298651,128,True,1595,3,7,73,2016-09-25,,0,3,0,,
2668816069,4,True,1918,3,7,76,2016-09-25,,14,0,0,,
2668923704,4,True,2958,3,7,34,2016-09-25,,32,5,0,,
2669054184,4,True,3197,3,7,98,2016-09-25,,31,4,0,,
2669201955,1,True,2364,3,7,20,2016-09-25,,3,5,0,,
2669296827,129,False,1849,3,7,2,2016-09-25,,12,9,0,,
2669368138,0,False,2536,3,7,9,2016-09-25,,5,2,0,,
2669437514,129,False,487,3,7,9,2016-09-25,,5,1,0,,
2669611783,0,False,2058,3,7,73,2016-09-26,,5,3,0,,
2669656159,0,True,1246,3,7,17,2016-09-26,,5,3,0,,
2669677992,0,True,1527,3,7,23,2016-09-26,,3,3,0,,
2669709919,4,False,2284,3,7,11,2016-09-26,,6,6,0,,
2669753920,131,False,2890,3,7,10,2016-09-26,,17,5,0,,
2669812387,1,False,2800,3,7,76,2016-09-26,17,6,11,0,,
2670965145,129,True,3523,3,7,104,2016-09-26,,13,9,0,,
2671093846,129,False,2984,3,7,17,2016-09-26,,19,5,0,,
2672083381,0,False,2447,3,7,34,2016-09-27,,9,6,0,,
2672150256,132,True,3145,3,7,70,2016-09-27,,11,11,0,,
2672258947,4,True,1764,3,7,73,2016-09-27,,4,2,0,,
2672328703,128,True,2316,3,7,39,2016-09-27,,16,5,0,,
2674393479,4,True,2272,3,7,51,2016-09-28,,11,4,0,,
2674480324,132,False,1575,3,7,10,2016-09-28,,11,0,0,,
2674561274,132,False,3225,3,7,76,2016-09-28,,36,5,0,,
2674755491,130,True,1945,3,7,34,2016-09-28,,7,6,0,,
2674869714,0,False,3487,3,7,18,2016-09-28,,13,7,0,,
2675123389,128,True,1782,3,7,10,2016-09-28,,5,6,0,,
2675192600,4,False,2691,3,7,34,2016-09-28,,9,7,0,,
2675283485,2,False,1617,3,7,17,2016-09-28,,9,6,0,,
2675345903,130,True,1394,3,7,76,2016-09-28,,2,6,0,,
2675387979,2,True,1719,3,7,76,2016-09-28,,13,3,0,,
2675440470,0,True,1419,3,7,17,2016-09-28,,7,1,0,,
2675488459,129,True,2082,3,7,10,2016-09-28,,6,3,0,,
2675545633,4,True,1544,3,7,76,2016-09-28,,12,3,0,,
2676166320,3,False,2386,3,7,108,2016-09-29,,3,5,0,,
2676238315,130,True,1882,3,7,44,2016-09-29,,3,4,0,,
2676304938,130,False,2091,3,7,41,2016-09-29,,9,5,0,,
2676644984,1,False,2411,3,7,39,2016-09-29,,8,4,0,,
2676766549,1,True,2249,3,7,76,2016-09-29,,8,5,0,,
2676876199,0,False,1089,3,7,97,2016-09-29,,1,5,0,,
2676945166,0,True,2370,3,7,76,2016-09-29,,13,3,0,,
2677141881,131,False,3294,3,7,1,2016-09-29,,16,3,0,,
2677258858,2,True,2285,3,7,76,2016-09-29,,4,4,0,,
2677352661,132,False,2959,3,7,10,2016-09-29,,27,4,0,,
2678379896,1,False,2666,3,7,1,2016-09-30,,14,2,0,,
2678479715,129,True,1874,3,7,34,2016-09-30,,6,9,0,,
2678566784,2,False,2402,3,7,10,2016-09-30,,7,4,0,,
2678696701,2,True,1617,3,7,112,2016-09-30,,8,3,0,,
2678803189,130,False,2412,3,7,98,2016-09-30,,21,3,0,,
2678935966,131,True,2444,3,7,98,2016-09-30,,15,5,0,,
2679065762,4,True,1323,3,7,76,2016-09-30,,11,2,0,,
2679144147,129,False,1230,3,7,76,2016-09-30,,15,1,0,,
2679224676,131,True,2726,3,7,2,2016-09-30,,10,8,0,,
2679351829,2,True,1322,3,7,72,2016-09-30,,13,3,0,,
2679418158,4,False,1654,3,7,10,2016-09-30,,12,6,0,,
2679489074,1,False,2622,3,7,14,2016-09-30,,7,10,0,,
2679585084,128,True,2160,3,7,65,2016-09-30,,11,7,0,,
2679661131,0,True,814,3,7,76,2016-09-30,,3,1,0,,
2679692203,2,False,2078,3,7,1,2016-09-30,,6,2,0,,
2679751557,3,True,1669,3,7,6,2016-09-30,,1,7,0,,
2681208914,2,True,2497,3,7,6,2016-10-01,,7,4,0,,
2681336419,131,False,2431,3,7,76,2016-10-01,,23,4,0,,
2681488892,130,True,1562,3,7,98,2016-10-01,,6,5,0,,
2681574622,130,True,1494,3,7,110,2016-10-01,,3,7,0,,
2681658678,132,True,2663,3,7,6,2016-10-01,,6,7,0,,
2681795496,4,False,2609,3,7,10,2016-10-01,,13,7,0,,
2681917568,3,True,2632,3,7,8,2016-10-01,,6,6,0,,
2682070999,0,True,1557,3,7,6,2016-10-01,,10,2,0,,
2682135742,1,True,2767,3,7,76,2016-10-01,,15,5,0,,
2682238925,2,True,2009,3,7,6,2016-10-01,,12,2,0,,
2682310109,4,True,2121,3,7,13,2016-10-01,,11,1,0,,
2684042971,129,False,2988,3,7,9,2016-10-02,,9,2,0,,
2684170428,130,True,2394,3,7,104,2016-10-02,,2,11,0,,
2684279662,128,True,2138,3,7,76,2016-10-02,,9,10,0,,
2684360798,2,False,3317,3,7,15,2016-10-02,,13,6,0,,
2684471021,131,False,3444,3,7,34,2016-10-02,,10,9,0,,
2684582336,129,False,1972,3,7,76,2016-10-02,,5,3,0,,
2684637249,131,True,2160,3,7,8,2016-10-02,,6,4,0,,
2684687720,4,True,1164,3,7,17,2016-10-02,,13,1,0,,
2684765533,4,True,1657,3,7,34,2016-10-03,,9,0,0,,
2684795040,4,False,1781,3,7,74,2016-10-03,,5,4,0,,
2686140470,4,True,2004,3,7,22,2016-10-03,,14,2,0,,
2686231660,1,True,2960,3,7,34,2016-10-03,,26,7,0,,
2686353819,132,False,2247,3,7,111,2016-10-03,,19,8,0,,
2686452094,1,False,2861,3,7,1,2016-10-03,,5,3,0,,
2686553373,130,False,2255,3,7,41,2016-10-03,,7,4,0,,
2688114468,0,True,1938,3,7,13,2016-10-04,,15,0,0,,
2688214505,131,False,3252,3,7,76,2016-10-04,,9,8,0,,
2690500890,2,False,969,3,7,28,2016-10-05,,2,2,1,,
2690541704,4,True,2278,3,7,6,2016-10-05,,11,3,0,,
2690642443,132,True,1910,3,7,17,2016-10-05,,3,7,0,,
2690717947,132,True,1168,3,7,10,2016-10-05,,0,3,0,,
2690768823,1,False,2452,3,7,17,2016-10-05,,18,10,0,,
2690840108,3,False,2398,3,7,34,2016-10-05,17,8,6,0,,
2694422253,4,True,1813,3,7,64,2016-10-07,17,2,0,0,,
2694515447,132,True,1839,3,7,2,2016-10-07,,10,9,0,,
2694635568,128,True,2704,3,0,109,2016-10-07,,4,12,0,,
2694757671,128,False,2735,3,0,93,2016-10-07,,26,4,0,,
2694886785,128,False,1499,3,0,98,2016-10-07,,10,5,0,,
2694947441,128,False,1751,3,0,13,2016-10-07,,13,1,0,,
2695009877,130,False,2485,3,7,22,2016-10-07,17,9,5,0,,
2695083050,128,False,2741,3,7,9,2016-10-07,17,17,7,0,,
2695166785,128,False,1599,3,7,35,2016-10-07,17,12,0,0,,
2695213165,131,True,3506,3,7,2,2016-10-08,,18,10,0,,
2695321997,132,False,2624,3,7,34,2016-10-08,17,13,4,0,,
2695389469,2,True,2117,3,7,35,2016-10-08,17,7,1,0,,
2695447657,3,False,2250,3,7,6,2016-10-08,17,3,5,0,,
2695507076,128,True,3977,3,7,6,2016-10-08,,12,12,0,,
2695611126,132,False,1302,3,7,76,2016-10-08,17,14,0,0,,
2695737918,3,True,1818,3,7,10,2016-10-08,,22,1,0,,
2695805481,3,True,1945,22,7,93,2016-10-08,,19,5,0,,
2695921622,131,False,2249,3,7,90,2016-10-08,,7,8,0,,
2696856523,4,True,1325,3,7,98,2016-10-08,17,15,0,0,,
2696986944,0,True,1317,3,7,34,2016-10-08,17,11,3,0,,
2697089401,1,True,2003,3,7,22,2016-10-08,17,18,4,0,,
2697185058,131,True,1866,3,7,76,2016-10-08,17,3,3,0,,
2697275074,1,True,1585,3,7,35,2016-10-08,17,22,0,0,,
2697364563,130,False,2265,3,7,13,2016-10-08,,4,2,0,,
2697465437,130,True,1705,3,7,69,2016-10-08,,5,4,1,,
2697521730,131,True,1660,3,7,23,2016-10-08,17,1,4,0,,
2697584570,130,True,2671,3,7,34,2016-10-08,17,10,6,0,,
2697693697,128,False,1736,3,7,8,2016-10-09,17,18,2,0,,
2697735966,128,True,1728,3,7,17,2016-10-09,17,6,2,0,,
2697773437,0,True,1647,3,7,76,2016-10-09,,17,0,0,,
2697833376,128,True,2330,3,7,1,2016-10-09,,18,3,0,,
2697887494,2,True,2763,3,7,76,2016-10-09,17,17,4,0,,
2697965942,130,False,2819,3,7,76,2016-10-09,,27,3,0,,
2699583715,129,True,2819,3,7,34,2016-10-09,17,12,8,0,,
2699693844,129,False,1689,3,7,34,2016-10-09,17,8,5,0,,
2699771314,0,True,3106,3,7,20,2016-10-09,,5,7,0,,
2699921447,128,False,2358,3,7,34,2016-10-09,17,5,4,0,,
2700034353,129,True,3561,3,7,34,2016-10-09,17,13,10,0,,
2700096113,3,True,1935,3,7,6,2016-10-10,17,4,2,0,,
2703095312,131,False,1513,3,0,98,2016-10-11,,4,2,0,,
2703172095,3,True,1859,3,0,76,2016-10-11,,13,3,0,,
2703264085,131,True,2364,3,0,13,2016-10-11,,14,4,0,,
2708731111,132,False,2181,3,0,113,2016-10-14,,10,3,0,,
2708801205,132,False,1478,3,0,6,2016-10-14,,10,3,0,,
2708852370,132,False,1500,3,0,6,2016-10-14,,14,1,0,,
2708907397,128,False,2781,3,0,13,2016-10-14,,17,6,0,,
2709001612,0,True,2040,3,0,39,2016-10-14,,21,2,0,,
2709243382,128,False,1965,1,0,104,2016-10-14,,6,9,0,,
2709334468,0,True,2335,1,0,113,2016-10-14,,19,4,0,,
2715933931,128,False,2933,3,0,76,2016-10-17,,20,6,0,,
2716014778,0,False,1925,3,0,17,2016-10-17,,6,4,0,,
2716074581,128,False,2480,3,0,28,2016-10-17,,12,9,0,,
2716153650,0,True,1943,3,0,43,2016-10-17,,24,3,0,,
2716226174,128,False,2060,3,0,93,2016-10-17,,19,5,0,,
2722045504,128,False,2215,3,0,10,2016-10-20,,19,3,0,,
2722114576,128,False,1981,3,0,15,2016-10-20,,10,4,0,,
2722181491,128,False,2154,3,0,2,2016-10-20,,17,7,0,,
2722252495,0,True,2262,3,0,25,2016-10-20,,22,4,0,,
2722387720,4,False,2459,3,7,34,2016-10-20,,10,8,0,,
2723976895,2,True,1911,3,0,81,2016-10-21,,11,3,0,,
2724031417,132,False,2666,3,7,63,2016-10-21,,31,5,0,,
2724111947,2,True,1655,3,7,35,2016-10-21,,17,1,0,,
2724168582,2,True,2252,3,7,17,2016-10-21,,16,4,0,,
2724448919,2,True,1400,1,0,13,2016-10-21,,12,0,0,,
2724509871,2,True,1831,3,0,98,2016-10-21,,25,1,0,,
2724602892,130,False,1812,1,0,96,2016-10-21,,6,6,0,,
2724691764,130,False,2022,3,0,97,2016-10-21,,11,7,0,,
2724881817,2,False,2909,3,0,13,2016-10-21,,10,6,0,,
2725031523,2,True,1742,3,0,97,2016-10-21,,10,2,0,,
2725137005,2,True,2339,3,0,23,2016-10-21,,11,7,0,,
2735608059,3,True,1763,3,0,11,2016-10-26,,9,2,0,,
2735681943,3,True,2146,3,0,15,2016-10-26,,19,3,0,,
2735858906,3,True,2092,3,0,9,2016-10-26,,6,6,0,,
2735963848,3,True,2688,3,0,15,2016-10-26,,17,4,0,,
2736107334,3,True,1471,3,0,86,2016-10-26,,4,1,0,,
2736176536,131,False,2329,3,0,21,2016-10-26,,16,4,0,,
2741433059,129,True,2468,1,0,34,2016-10-29,,14,11,0,,
2741516181,1,False,1698,3,0,97,2016-10-29,,3,10,0,,
2741581609,1,True,1997,3,0,46,2016-10-29,,18,2,0,,
2741663926,129,False,2329,3,0,13,2016-10-29,,15,2,0,,
2741737497,1,False,1711,1,0,104,2016-10-29,,2,8,0,,
2741795261,129,False,1746,3,0,76,2016-10-29,,8,6,0,,
2741849762,129,True,1752,3,0,78,2016-10-29,,4,8,0,,
2799310893,131,False,1708,3,0,76,2016-11-24,,10,2,0,,
2799366503,131,False,2549,3,0,35,2016-11-24,,17,4,0,,
2799449318,3,True,1594,3,0,64,2016-11-24,,2,2,0,,
2799515573,131,False,2142,3,0,11,2016-11-24,,8,5,0,,
2799603580,131,False,2707,3,0,109,2016-11-24,,17,8,0,,
2806396876,2,True,1588,3,0,94,2016-11-27,,4,1,0,,
2806500762,130,False,1529,3,0,98,2016-11-27,,11,2,0,,
2806589044,2,True,1740,3,0,74,2016-11-27,,8,5,0,,
2806675570,2,True,2579,3,0,6,2016-11-27,,10,5,0,,
2806840265,2,True,3400,3,0,95,2016-11-27,,23,14,0,,
2807141086,130,True,2034,3,0,50,2016-11-27,,3,8,0,,
2807248703,2,False,3394,3,0,36,2016-11-27,,16,13,0,,
2916901783,131,False,4251,3,0,34,2017-01-15,,23,8,0,,
2917098092,132,True,2625,3,0,74,2017-01-15,,13,5,0,,
2976518461,1,True,1399,1,0,80,2017-02-05,,9,0,0,,
2976628829,128,True,3080,1,0,74,2017-02-05,,13,6,0,,
2976829295,1,False,2149,1,0,93,2017-02-05,,13,6,0,,
2977035272,4,True,1910,1,0,34,2017-02-05,,11,2,0,,
2977166913,131,True,3015,3,0,18,2017-02-05,,7,6,0,,
2977350132,3,False,2536,3,0,106,2017-02-05,,14,5,0,,
3011841185,129,True,2001,3,0,39,2017-02-21,,12,4,0,,
3011963994,129,True,2380,1,0,74,2017-02-21,,4,6,0,,
3012067914,129,False,2187,3,0,46,2017-02-21,,17,2,0,,
3035891149,4,True,1509,3,0,9,2017-03-05,,8,1,0,,
3035951720,131,False,2943,3,0,17,2017-03-05,,14,7,0,,
3044852223,2,True,2452,3,0,106,2017-03-09,,25,6,0,,
3044932632,1,True,2489,3,0,18,2017-03-09,,19,5,0,,
3045007075,129,False,2066,1,0,46,2017-03-09,,21,3,0,,
3060825311,130,False,2799,3,7,104,2017-03-17,,14,3,0,,
3060926669,132,False,2205,3,7,106,2017-03-17,,20,2,0,,
3063686771,3,True,2341,3,0,74,2017-03-19,,17,1,0,,
3063736673,3,True,2084,3,0,76,2017-03-19,,20,1,0,,
3063781798,3,False,2363,22,0,34,2017-03-19,,12,5,0,,
3063837005,3,True,1812,3,0,74,2017-03-19,,6,3,0,,
3063916538,2,True,2887,22,0,95,2017-03-19,,15,7,0,,
3065207243,4,True,1909,3,7,46,2017-03-19,,9,2,0,,
3065311637,130,False,2627,3,7,35,2017-03-19,,11,5,0,,
3065418714,132,False,2308,3,7,11,2017-03-19,,15,2,0,,
3067216078,4,False,1712,3,7,14,2017-03-20,,6,7,0,,
3067314679,2,True,2562,3,7,39,2017-03-20,,15,3,0,,
3067436506,130,False,1863,3,0,46,2017-03-20,,13,3,0,,
3067504736,2,True,2868,3,0,76,2017-03-20,,25,5,0,,
3067601665,3,True,2924,3,0,36,2017-03-20,,12,6,0,,
3067680313,130,True,2623,3,7,41,2017-03-20,,5,6,0,,
3067746330,4,False,2433,3,7,96,2017-03-20,,14,8,0,,
3067804764,4,True,2165,3,7,21,2017-03-20,,15,1,0,,
3067855176,3,True,1698,22,0,25,2017-03-20,,13,1,0,,
3073386902,3,True,2546,22,0,111,2017-03-23,,15,3,0,,
3073445720,131,True,2456,22,0,9,2017-03-23,,8,9,0,,
3073498993,131,False,2698,3,0,76,2017-03-23,,20,2,0,,
3088257403,3,True,2430,3,0,25,2017-03-31,,14,5,0,,
3179687383,132,True,2270,3,7,76,2017-05-14,,7,7,0,,
3179758205,1,False,3219,3,7,11,2017-05-14,,20,6,0,,
3184161765,3,True,2264,3,7,76,2017-05-16,18,22,2,0,,
3184337676,129,True,2478,3,7,106,2017-05-16,18,5,5,0,,
3184503277,3,False,2055,3,7,34,2017-05-16,18,3,5,0,,
3184633316,2,True,1265,3,7,34,2017-05-16,18,9,0,0,,
3184735590,131,True,1911,3,7,34,2017-05-16,18,6,5,0,,
3184848298,129,True,1928,3,7,74,2017-05-16,,6,7,0,,
3184966969,128,True,2304,3,7,46,2017-05-16,,11,4,0,,
3185140126,129,True,2363,3,7,106,2017-05-16,,13,5,0,,
3185279884,3,False,1019,3,7,35,2017-05-16,,0,1,0,,
3185361008,130,False,2372,3,7,2,2017-05-16,,9,10,0,,
3185462940,130,False,1822,3,7,17,2017-05-16,,8,4,0,,
3187132581,128,True,1397,3,7,11,2017-05-17,,3,8,1,,
3187203272,2,True,1505,3,7,106,2017-05-17,,8,2,0,,
3187759240,131,True,2993,22,0,106,2017-05-17,,12,7,0,,
3187811710,3,True,1618,22,0,23,2017-05-17,,0,2,0,,
3187838160,130,True,3568,22,0,51,2017-05-18,,14,11,0,,
3187883912,2,True,2765,3,0,102,2017-05-18,,5,9,0,,
3187931224,4,True,1434,3,7,76,2017-05-18,,8,1,0,,
3188247827,0,True,2085,2,1,76,2017-05-18,20,10,1,0,,
3188336622,131,True,1518,2,1,49,2017-05-18,20,2,4,0,,
3189401772,132,True,1974,3,7,74,2017-05-18,18,4,5,0,,
3189488568,4,False,2687,3,7,13,2017-05-18,,9,7,0,,
3189562826,132,False,2382,3,7,25,2017-05-18,18,14,5,0,,
3189616348,0,True,1563,3,7,25,2017-05-18,18,8,3,0,,
3190753975,128,False,2706,3,7,25,2017-05-19,18,6,6,0,,
3190877554,3,True,1970,3,7,76,2017-05-19,18,3,6,0,,
3190990289,1,True,1720,3,7,34,2017-05-19,,6,3,0,,
3191136480,3,False,2367,3,7,11,2017-05-19,,3,4,0,,
3191251922,1,False,1542,3,7,76,2017-05-19,18,1,6,0,,
3191329853,128,True,1765,3,7,106,2017-05-19,18,6,3,0,,
3191399850,128,False,1836,3,7,106,2017-05-19,18,11,3,0,,
3191513917,129,False,2610,3,7,46,2017-05-19,,17,5,0,,
3191596241,130,True,1807,3,7,93,2017-05-19,18,3,7,0,,
3191662856,4,True,2097,3,7,76,2017-05-19,,27,2,0,,
3194242382,2,True,2006,3,7,70,2017-05-21,,12,1,0,,
3194285084,3,False,2525,3,7,106,2017-05-21,,10,7,0,,
3194344505,130,False,2582,3,7,75,2017-05-21,18,5,4,0,,
3194443441,131,True,1602,3,7,93,2017-05-21,18,2,4,0,,
3194490574,1,True,1709,3,7,76,2017-05-21,18,8,1,0,,
3194713986,131,True,2133,3,7,106,2017-05-21,18,4,10,0,,
3194802561,131,True,2397,3,7,74,2017-05-21,,10,7,0,,
3195001206,2,False,2467,2,1,39,2017-05-21,20,10,8,0,,
3195139703,129,True,1790,2,1,74,2017-05-21,20,5,9,0,,
3195235645,130,False,2146,3,7,76,2017-05-21,18,13,3,0,,
3196328935,129,True,1615,3,7,76,2017-05-21,,4,3,0,,
3196365944,0,False,2730,3,7,64,2017-05-21,,5,4,0,,
3196411081,2,False,2383,3,7,46,2017-05-22,18,13,6,0,,
3196471109,3,True,2014,3,7,93,2017-05-22,,6,1,0,,
3196503448,2,True,2567,3,7,18,2017-05-22,,12,6,0,,
3196561628,130,False,1918,3,7,74,2017-05-22,,13,2,0,,
3196610374,0,False,1587,3,7,25,2017-05-22,,4,5,0,,
3196647157,129,False,2455,3,7,25,2017-05-22,,23,8,0,,
3196697691,3,False,1607,3,7,46,2017-05-22,,1,4,0,,
3196737372,1,False,2040,3,7,74,2017-05-22,18,9,8,0,,
3196794655,130,True,1412,3,7,1,2017-05-22,,3,2,0,,
3196936663,3,False,1961,3,7,25,2017-05-22,,5,8,0,,
3198521345,3,False,2520,3,7,54,2017-05-23,,5,4,0,,
3198592400,2,False,1919,3,7,109,2017-05-23,,4,6,0,,
3198635787,132,True,2343,3,7,18,2017-05-23,,5,1,0,,
3198693966,131,False,2343,3,7,74,2017-05-23,,17,5,0,,
3198749689,128,True,1555,3,7,74,2017-05-23,,3,6,0,,
3198813260,132,False,2365,3,7,76,2017-05-23,18,10,5,0,,
3198882083,131,True,1263,3,7,64,2017-05-23,,2,1,1,,
3198922281,0,True,1400,3,7,25,2017-05-23,18,13,2,0,,
3199079401,131,True,1783,2,1,25,2017-05-23,20,3,4,0,,
3199167038,3,True,1972,2,1,39,2017-05-23,20,12,2,0,,
3200555342,2,True,1792,3,7,34,2017-05-24,18,6,3,0,,
3200603665,3,True,2016,3,7,76,2017-05-24,,13,3,0,,
3200655147,130,False,2070,3,7,76,2017-05-24,18,16,3,0,,
3200732403,0,False,1910,3,7,52,2017-05-24,18,3,6,0,,
3200798151,131,True,2540,3,7,74,2017-05-24,,16,6,0,,
3200870830,131,True,2188,3,7,76,2017-05-24,,2,9,0,,
3200942574,132,False,1429,3,7,46,2017-05-24,,13,1,0,,
3201008684,131,True,2356,3,7,95,2017-05-24,18,0,5,0,,
3201085272,1,False,1918,3,7,74,2017-05-24,18,5,6,0,,
3201154004,130,False,2521,3,7,25,2017-05-24,18,17,3,0,,
3201258134,1,True,3348,3,7,74,2017-05-24,18,16,5,0,,
3204170955,2,True,1518,3,7,25,2017-05-26,,9,1,0,,
3204205535,2,False,2635,3,7,46,2017-05-26,,6,3,0,,
3204252921,132,False,2544,3,7,76,2017-05-26,,10,5,0,,
3204355823,1,True,2428,3,7,11,2017-05-26,,13,1,0,,
3204415187,128,True,1773,3,7,7,2017-05-26,,1,6,0,,
3204749642,132,True,1564,2,1,25,2017-05-26,20,2,4,0,,
3204831354,3,False,2438,2,1,25,2017-05-26,20,13,7,0,,
3206429853,3,False,2031,3,7,49,2017-05-27,,2,5,0,,
3206488254,130,False,1969,3,7,76,2017-05-27,18,4,3,0,,
3206549469,129,False,2335,3,7,34,2017-05-27,,8,4,0,,
3206619478,130,False,1650,3,7,2,2017-05-27,,19,0,0,,
3206747085,131,False,2418,3,7,76,2017-05-27,,15,2,0,,
3209241186,0,True,2605,3,7,76,2017-05-28,18,17,2,0,,
3210803238,132,True,986,3,7,16,2017-05-29,,1,5,0,,
3210835257,0,True,2562,3,7,25,2017-05-29,,13,7,0,,
3210901898,0,True,1713,3,7,106,2017-05-29,,6,2,0,,
3210951696,132,False,3342,3,7,74,2017-05-29,18,14,6,0,,
3211855513,130,False,2192,3,7,34,2017-05-29,,6,5,0,,
3211959590,131,False,2064,3,7,76,2017-05-29,18,4,5,0,,
3212067441,129,False,1604,3,7,39,2017-05-29,,14,1,0,,
3214006061,0,False,2063,3,7,110,2017-05-30,,3,10,0,,
3214102731,132,True,2260,3,7,43,2017-05-30,,5,7,0,,
3214208088,2,False,2074,3,7,67,2017-05-30,,4,4,0,,
3215048919,1,False,2272,3,7,49,2017-05-31,,4,5,0,,
3215102118,3,True,3066,3,7,76,2017-05-31,,12,6,0,,
3215689881,3,True,2979,3,7,74,2017-05-31,,13,2,0,,
3215898808,131,False,1828,3,7,11,2017-05-31,,16,4,0,,
3216018203,0,False,2617,3,7,39,2017-05-31,,10,4,0,,
3216138671,0,False,2221,3,7,106,2017-05-31,,13,9,0,,
3216257147,3,False,3139,3,7,34,2017-05-31,18,14,11,0,,
3217780870,131,False,2242,3,7,106,2017-06-01,,13,4,0,,
3217866587,2,True,2242,3,7,7,2017-06-01,,9,6,0,,
3219667300,2,True,1797,3,7,34,2017-06-02,,24,1,0,,
3219731546,1,False,2027,3,7,64,2017-06-02,20,6,8,0,,
3219803921,132,True,1635,3,7,51,2017-06-02,20,6,9,0,,
3219869957,131,False,1860,3,7,40,2017-06-02,20,6,6,0,,
3219962379,130,False,1265,3,7,30,2017-06-02,20,5,0,0,,
3220027107,130,True,2219,3,7,98,2017-06-02,20,4,8,0,,
3220218394,2,False,2835,3,7,106,2017-06-02,,6,9,0,,
3221357886,2,False,2272,3,7,74,2017-06-03,,5,2,0,,
3221717406,132,True,1619,3,7,74,2017-06-03,20,7,6,0,,
3221783672,129,False,1598,3,7,34,2017-06-03,,11,1,0,,
3222129098,130,False,1833,2,9,39,2017-06-03,,15,1,0,,
3222236553,2,True,674,2,9,39,2017-06-03,,5,0,0,,
3222354563,2,True,841,2,9,13,2017-06-03,,4,1,0,,
3223699796,130,True,2671,3,7,65,2017-06-04,20,2,9,0,,
3223792268,0,True,2558,3,7,39,2017-06-04,,21,2,0,,
3223973802,129,True,2933,3,7,34,2017-06-04,,13,6,0,,
3224166245,129,False,1862,3,7,89,2017-06-04,20,1,2,0,,
3224253885,1,False,2269,3,7,86,2017-06-04,20,4,8,0,,
3224544305,1,True,1982,3,7,25,2017-06-04,,12,6,0,,
3224792358,2,True,2138,3,7,2,2017-06-04,,9,10,0,,
3225169459,0,True,1859,3,7,25,2017-06-04,,7,3,0,,
3226377302,131,True,1577,3,7,39,2017-06-05,,9,6,0,,
3226733370,130,False,2177,3,7,75,2017-06-05,20,4,1,0,,
3226838795,128,False,2516,3,7,39,2017-06-05,20,16,4,0,,
3226991162,128,False,1392,3,7,39,2017-06-05,,7,0,0,,
3230634653,3,False,2146,3,7,76,2017-06-07,,2,5,0,,
3230736619,1,False,1937,3,7,32,2017-06-07,,4,4,0,,
3231795032,131,True,2058,3,7,34,2017-06-08,20,3,7,0,,
3232498135,131,True,1496,3,7,74,2017-06-08,20,2,4,0,,
3232563913,130,True,2319,3,7,34,2017-06-08,,7,5,0,,
3232662951,4,False,725,3,7,31,2017-06-08,,0,1,4,,
3232701997,2,True,2112,3,7,5,2017-06-08,,6,9,0,,
3232794102,3,True,2165,3,7,51,2017-06-08,,10,6,0,,
3232891825,132,False,2049,3,7,97,2017-06-08,,6,1,0,,
3232987702,0,False,2423,3,7,51,2017-06-08,,8,7,0,,
3233072148,130,True,2143,3,7,46,2017-06-08,,10,4,0,,
3233136166,4,True,2681,3,7,39,2017-06-08,,21,6,0,,
3233213769,130,True,1147,3,7,8,2017-06-08,,2,3,0,,
3233288838,132,True,2594,3,7,106,2017-06-08,,12,6,0,,
3266713904,1,True,2023,3,7,51,2017-06-22,20,3,5,0,,
3266954976,2,True,1753,3,7,60,2017-06-22,20,7,1,0,,
3267046514,128,False,1956,3,7,13,2017-06-22,20,3,4,0,,
3267116892,129,True,2931,3,7,106,2017-06-22,,18,9,0,,
3267196136,132,False,2092,3,7,48,2017-06-22,,10,0,0,,
3268948984,130,True,2217,3,7,48,2017-06-23,,4,3,0,,
3269098897,129,True,2316,3,7,18,2017-06-23,,3,9,0,,
3269209239,4,False,1957,3,7,93,2017-06-23,,9,5,0,,
3269269594,128,True,4475,3,7,19,2017-06-23,,20,12,0,,
3269398205,130,True,2093,3,7,25,2017-06-23,,12,10,0,,
3273816166,1,False,2149,3,7,51,2017-06-25,,3,5,0,,
3273889744,129,False,1200,3,7,48,2017-06-25,,6,2,0,,
3430675913,129,False,1994,2,1,23,2017-09-08,20,2,2,0,10,
3431007416,132,False,1756,2,1,111,2017-09-08,20,7,2,0,10,
3431075480,4,False,1720,2,1,84,2017-09-08,20,0,4,0,10,
3431157580,132,True,3387,2,1,30,2017-09-08,20,9,8,0,,
3431399646,132,True,1315,2,1,111,2017-09-08,20,1,4,0,10,
3432956111,132,False,1852,2,1,87,2017-09-09,21,6,4,0,10,
3433138688,3,False,2500,2,1,30,2017-09-09,21,5,9,0,10,
3446498306,4,True,2746,2,1,87,2017-09-16,21,1,4,0,10,
3446582260,3,True,1791,2,1,110,2017-09-16,21,5,3,0,10,
3446790284,1,True,2203,2,1,68,2017-09-16,21,0,8,0,10,
3446903785,132,True,2259,2,1,37,2017-09-16,21,2,8,0,10,
3447001929,4,False,2318,2,1,68,2017-09-16,21,1,11,0,10,
3456350786,132,True,2536,2,1,31,2017-09-21,20,3,4,0,,
3460615675,131,False,1980,2,1,36,2017-09-23,21,9,2,0,,
3460833901,4,True,2422,2,1,43,2017-09-23,21,9,5,0,,
3462342141,132,True,2480,2,1,76,2017-09-24,20,5,6,0,10,
3462419171,130,False,1539,2,1,47,2017-09-24,21,6,4,0,10,
3462476484,131,False,1420,2,1,47,2017-09-24,21,11,4,0,10,
3462674196,130,True,2571,2,1,41,2017-09-24,20,4,10,0,10,
3462798081,131,True,1724,2,1,34,2017-09-24,21,3,7,0,10,
3669690134,129,False,2973,3,7,34,2018-01-09,,10,11,0,,
4113451745,0,True,2421,2,1,63,2018-09-12,21,12,4,0,,
4113534265,131,True,1576,2,1,12,2018-09-12,21,0,4,0,10,
4113576994,0,False,2311,2,1,74,2018-09-12,,4,8,0,,
4116710715,132,True,1907,2,1,114,2018-09-14,21,4,9,0,,
4157360052,132,True,2298,3,7,79,2018-10-07,,6,11,0,,
4228808916,4,False,1512,2,1,86,2018-11-20,21,2,7,0,,
4229009266,132,True,1516,2,1,2,2018-11-20,21,9,9,0,,
4229170820,4,True,2368,2,1,7,2018-11-20,21,1,3,0,,
4230954232,3,False,1524,2,1,45,2018-11-21,21,1,7,0,,
4232796307,132,True,1821,2,1,27,2018-11-22,21,1,9,0,10,
4232870816,3,True,2143,2,1,86,2018-11-22,21,4,1,0,,
4234676164,131,True,2057,2,1,64,2018-11-23,21,1,9,0,10,
4234767532,3,True,2126,2,1,103,2018-11-23,21,7,3,0,10,
4236500107,130,True,1024,2,1,27,2018-11-24,21,1,4,0,10,
4236561127,4,False,760,2,1,2,2018-11-24,21,0,4,0,10,
4238696373,4,False,2222,2,1,110,2018-11-25,21,1,3,0,10,
4238816240,131,True,1585,2,1,112,2018-11-25,21,5,9,0,10,
4240164458,3,True,2068,2,1,86,2018-11-26,21,5,4,0,10,
4240244651,131,False,2254,2,1,86,2018-11-26,21,3,3,0,10,
4240323458,131,False,2358,2,1,110,2018-11-26,21,0,6,0,,
4240630408,132,True,1402,2,1,103,2018-11-26,21,2,5,0,,
4240702411,3,False,2075,2,1,121,2018-11-26,21,3,4,0,,
4241757433,129,True,1507,2,1,97,2018-11-27,21,0,5,0,10,
4250139269,4,True,1168,2,1,3,2018-12-02,21,2,2,0,10,
4250240902,131,True,2555,2,1,78,2018-12-02,21,3,6,0,10,
4252428739,129,False,1984,2,1,31,2018-12-03,21,3,8,0,10,
4253582604,131,True,1677,2,1,78,2018-12-04,21,0,9,0,10,
4253626594,1,False,1036,2,1,64,2018-12-04,21,0,5,0,10,
4265318763,132,True,1708,2,1,86,2018-12-11,21,5,6,0,10,
4265371204,132,True,1194,2,1,71,2018-12-11,21,1,6,0,10,
4268344341,132,False,2227,2,1,121,2018-12-13,21,6,5,0,10,
4268402506,3,True,3070,2,1,89,2018-12-13,21,0,0,1,,
4268410574,132,True,1774,2,1,121,2018-12-13,21,5,11,0,,
4268467656,132,True,1252,2,1,121,2018-12-13,21,0,6,0,,
4289878736,4,True,1506,2,1,3,2018-12-24,21,4,2,0,,
4289994318,4,False,1432,2,1,64,2018-12-24,21,0,6,0,,
4290118079,4,True,2870,2,1,87,2018-12-24,21,2,10,0,,
4291999236,4,False,1908,2,1,121,2018-12-25,21,3,10,0,,
4292220725,132,True,1782,2,1,26,2018-12-25,21,5,4,0,,
4374760483,0,False,3268,2,1,8,2019-01-30,21,12,4,0,10,
4532841281,132,True,1484,2,1,27,2019-03-15,21,2,6,0,10,
4532960179,1,True,1969,2,1,90,2019-03-15,21,1,3,0,10,
4533196326,131,False,2565,2,1,3,2019-03-15,21,3,3,0,10,
4533409072,1,True,2249,2,1,90,2019-03-15,21,3,6,0,10,
4533632469,4,False,2034,2,1,90,2019-03-15,21,0,2,0,10,
4533855335,131,True,1379,2,1,53,2019-03-15,21,3,4,0,10,
4537682029,131,True,1836,2,1,90,2019-03-16,21,2,6,0,10,
4537876756,1,False,1761,2,1,52,2019-03-16,21,4,7,0,10,
4545183816,128,False,2660,2,1,64,2019-03-18,21,10,4,0,10,
4545321716,1,True,2426,2,1,3,2019-03-18,21,8,8,1,10,
4548866455,131,False,2519,2,1,90,2019-03-19,21,4,4,0,10,
4549016909,1,True,2294,2,1,64,2019-03-19,21,2,8,0,10,
4549547502,131,True,1024,2,1,111,2019-03-19,21,5,4,0,10,
4549668663,4,False,2467,2,1,3,2019-03-19,21,3,8,0,10,
4552792943,4,False,1488,2,1,87,2019-03-20,21,2,5,0,10,
4552915466,4,False,1234,2,1,90,2019-03-20,21,2,5,0,10,
4553259613,131,True,1527,2,1,30,2019-03-20,21,5,6,0,10,
4553397430,3,False,1690,2,1,31,2019-03-20,21,1,8,0,10,
4556468314,3,False,1887,2,1,100,2019-03-21,21,0,9,0,10,
4557620295,4,False,2221,2,1,87,2019-03-21,21,3,7,0,10,
4558070849,3,False,1800,2,1,111,2019-03-21,21,6,6,0,10,
4564873964,1,False,1869,2,1,64,2019-03-23,21,3,7,0,10,
4572173644,132,False,2483,2,1,87,2019-03-25,21,0,0,1,,
4572203527,132,False,2489,1,1,87,2019-03-25,21,2,6,0,10,
4572301751,4,True,2344,2,1,112,2019-03-25,21,3,8,0,10,
4575476261,4,True,1959,2,1,110,2019-03-26,21,3,8,0,10,
4575585439,131,True,1643,2,1,111,2019-03-26,21,10,7,0,10,
4576185298,131,True,1317,2,1,112,2019-03-26,21,1,3,0,10,
4582188021,4,True,1173,2,1,111,2019-03-28,21,3,3,0,10,
4582280312,129,False,2034,2,1,27,2019-03-28,21,5,6,0,10,
4582763836,4,False,1832,2,1,90,2019-03-28,21,1,5,0,10,
4582925013,131,True,1692,2,1,111,2019-03-28,21,4,6,0,10,
4601655354,131,False,2952,2,1,3,2019-04-02,21,4,7,0,10,
4601833922,131,True,1402,2,1,3,2019-04-02,21,2,1,0,10,
4606133013,132,False,1725,2,1,20,2019-04-03,21,2,9,0,10,
4606250184,3,True,2037,2,1,112,2019-04-03,21,1,4,0,10,
4612727899,3,True,1767,2,1,121,2019-04-05,21,8,2,0,10,
4612864299,132,False,1544,2,1,64,2019-04-05,21,3,2,0,10,
4617496257,132,True,1037,2,1,121,2019-04-06,21,1,3,0,10,
4617653654,3,True,1548,2,1,20,2019-04-06,21,1,4,0,10,
4617850812,132,True,1409,2,1,87,2019-04-06,21,1,6,0,10,
4628080711,132,True,1502,2,1,64,2019-04-08,21,6,3,0,10,
4628286508,3,False,1080,2,1,20,2019-04-08,21,2,2,0,10,
4631704362,3,False,1946,2,1,20,2019-04-09,21,1,8,0,10,
4631858530,132,True,1873,2,1,3,2019-04-09,21,2,8,0,10,
4634832262,4,True,2680,2,1,29,2019-04-10,,0,0,1,,
4634839063,2,True,3702,2,1,64,2019-04-10,21,6,6,0,10,
4635020510,131,True,1032,2,1,64,2019-04-10,21,3,5,0,10,
4635350504,4,True,2164,2,1,112,2019-04-10,21,3,5,0,10,
4635516868,131,True,2157,2,1,26,2019-04-10,21,2,9,0,10,
4636106414,132,True,1959,2,1,3,2019-04-10,21,0,2,0,10,
4636351807,3,False,1402,2,1,85,2019-04-10,21,1,11,0,10,
4639501476,131,False,1653,2,1,90,2019-04-11,21,3,5,0,10,
4639687196,4,True,1648,2,1,64,2019-04-11,21,4,3,0,10,
4642689863,4,True,1300,2,1,64,2019-04-12,21,2,5,0,10,
4642833670,129,True,1097,2,1,30,2019-04-12,21,5,4,0,10,
4643002846,3,True,2485,2,1,121,2019-04-12,21,4,3,0,10,
4645995051,132,True,1022,2,1,85,2019-04-13,21,1,6,0,10,
4646124181,3,True,2741,2,1,112,2019-04-13,21,6,6,0,10,
4646375583,132,True,1947,2,1,121,2019-04-13,21,4,5,0,10,
5022766008,131,False,2265,3,0,52,2019-09-14,,24,3,0,,
5109547195,4,False,4552,2,1,2,2019-11-12,21,11,13,0,10,
5109755962,4,True,2319,2,1,23,2019-11-12,21,8,7,0,10,
5109802761,3,False,1946,2,1,23,2019-11-12,21,0,10,0,10,
5109843761,4,False,1850,2,1,2,2019-11-12,21,4,5,0,10,
5120320413,1,True,1136,3,7,102,2019-11-20,,1,6,0,,
5121726730,4,False,2597,3,0,13,2019-11-21,,24,7,0,,
5127689282,4,False,2546,3,7,64,2019-11-25,,2,16,0,,
5128050491,132,True,2091,3,0,51,2019-11-25,,11,8,0,,
5128089646,132,False,1664,3,0,19,2019-11-25,,17,2,0,,
5129888937,132,False,2145,3,0,11,2019-11-27,,6,5,0,,
5131593488,130,False,2850,2,1,13,2019-11-28,,2,8,0,,
5131678781,0,True,2165,2,1,23,2019-11-28,,5,3,0,10,
5132936669,130,False,1877,2,1,13,2019-11-29,,3,2,0,,
5132977708,0,False,3633,2,1,16,2019-11-29,,4,13,0,10,
5133047626,130,True,2271,2,1,108,2019-11-29,,2,6,0,,
5133429408,132,False,2605,3,7,23,2019-11-29,,13,8,0,,
5133523502,1,True,1673,3,7,40,2019-11-29,,4,5,0,,
5133592006,3,True,2162,3,7,13,2019-11-29,,19,3,0,,
5138121844,132,False,2472,3,7,23,2019-12-02,,6,8,0,,
5139200133,128,False,2317,3,7,74,2019-12-03,,10,4,0,,
5139238176,0,False,1997,3,7,87,2019-12-03,,8,7,0,,
5139274699,130,True,1813,3,7,16,2019-12-03,,5,4,0,,
5139320788,129,True,1697,3,7,23,2019-12-03,,4,6,0,,
5139355650,0,True,1269,3,7,106,2019-12-03,,12,1,0,,
5139384654,128,True,2294,3,7,2,2019-12-03,,10,5,0,,
5139438435,131,False,1650,3,7,51,2019-12-03,,5,3,0,,
5139497806,4,False,2432,3,7,16,2019-12-03,,2,9,0,,
5140318129,128,False,2209,22,7,53,2019-12-04,,7,4,0,,
5140349672,1,False,2179,3,7,27,2019-12-04,,2,6,0,,
5144629956,0,True,1696,3,7,13,2019-12-07,,6,3,0,,
5144669144,130,False,2567,3,7,19,2019-12-07,,15,5,0,,
5144732756,132,False,2005,3,7,90,2019-12-07,,1,7,0,,
5144791385,131,False,1868,3,7,87,2019-12-07,21,7,9,0,,
5144850790,4,True,1933,3,7,53,2019-12-07,21,7,6,0,,
5144918473,129,True,2608,3,7,23,2019-12-07,,5,5,0,,
5144995094,3,True,2305,3,7,51,2019-12-07,,15,13,0,1,
5145071541,4,True,1439,3,7,25,2019-12-07,21,6,2,0,1,
5145129326,132,False,1707,3,7,2,2019-12-07,21,13,9,0,1,
5145200368,132,False,2026,3,7,64,2019-12-07,21,4,7,0,,
5145318788,131,True,2380,22,7,16,2019-12-07,,5,7,0,,
5146207482,131,False,2493,3,7,13,2019-12-08,,8,9,0,,
5146268884,128,False,2387,3,7,13,2019-12-08,,9,4,0,,
5146327760,3,False,1726,3,7,13,2019-12-08,21,3,3,0,,
5146373041,3,False,2318,3,7,52,2019-12-08,,7,10,0,,
5146473616,4,True,2165,3,7,86,2019-12-08,21,3,2,0,,
5146544270,132,False,1357,3,7,9,2019-12-08,,7,5,0,,
5146592791,130,True,2017,3,7,114,2019-12-08,,3,3,0,,
5146660284,3,False,2969,3,7,25,2019-12-08,21,8,7,0,,
5147714855,128,False,1842,3,7,87,2019-12-09,21,10,5,0,,
5147811429,3,True,2205,3,7,98,2019-12-09,21,18,6,0,,
5147865596,4,True,1370,3,7,69,2019-12-09,,2,4,1,,
5147914901,4,True,1717,3,7,13,2019-12-09,21,12,3,0,,
5147976590,2,True,1315,3,7,86,2019-12-09,21,5,2,0,,
5148028040,4,False,1578,3,7,43,2019-12-09,,3,12,0,,
5148077048,1,True,1690,3,7,45,2019-12-09,21,12,2,0,,
5155519842,128,False,2350,3,7,16,2019-12-15,21,9,2,0,,
5155594843,0,False,1736,3,7,26,2019-12-15,21,3,5,0,,
5155652474,129,True,3070,3,7,52,2019-12-15,21,14,13,0,,
5155751066,129,False,2080,3,7,69,2019-12-15,21,16,3,0,,
5155811922,4,False,1987,3,7,46,2019-12-15,21,11,4,0,,
5155872412,1,False,2151,3,7,74,2019-12-15,21,3,6,0,,
5155949093,4,True,2022,3,7,3,2019-12-15,,3,5,0,,
5156030379,0,False,1966,3,7,16,2019-12-15,21,9,7,0,,
5156095812,132,False,1945,3,7,101,2019-12-15,,11,6,0,,
5156154124,129,True,2549,3,7,25,2019-12-15,21,9,9,0,,
5156222107,128,False,1703,3,7,19,2019-12-15,21,11,4,0,,
5156274317,130,False,1587,3,7,87,2019-12-15,21,11,7,0,,
5156741609,129,False,2012,3,7,112,2019-12-16,21,6,3,0,,
5156840415,131,True,2170,3,7,96,2019-12-16,,7,8,0,,
5156874698,2,False,1474,3,7,86,2019-12-16,21,6,9,0,,
5156897321,3,True,2041,3,7,101,2019-12-16,21,9,7,0,,
5156992383,3,False,1310,3,7,101,2019-12-16,21,2,7,0,,
5157017245,0,True,1976,3,7,90,2019-12-16,21,3,3,0,,
5157088712,130,True,1504,3,7,87,2019-12-16,21,2,5,0,,
5157127008,130,False,1891,3,7,3,2019-12-16,21,2,6,0,,
5157172372,2,False,2658,3,7,87,2019-12-16,21,3,12,0,,
5157293710,132,False,1797,3,7,13,2019-12-16,21,13,1,0,,
5157366835,129,True,2504,3,7,104,2019-12-16,21,9,8,0,,
5157435976,130,False,1763,3,7,57,2019-12-16,,12,1,0,,
5162016858,129,False,2624,3,7,98,2019-12-20,,12,6,0,,
5163160856,1,False,2294,3,0,7,2019-12-21,,8,6,0,,
5163212404,129,False,1674,3,0,13,2019-12-21,,19,3,0,4,
5163282035,0,True,2241,3,7,13,2019-12-21,21,19,5,0,,
5163387719,2,True,1305,2,9,104,2019-12-21,,7,2,0,,
5163447969,130,False,2086,2,9,57,2019-12-21,21,6,6,0,,
5163525160,130,True,1762,2,9,96,2019-12-21,21,2,8,0,10,
5166303448,4,True,3854,3,7,46,2019-12-23,21,10,6,0,,
5166437501,4,False,1793,3,7,69,2019-12-23,21,5,6,0,,
5167468433,130,True,2799,3,7,69,2019-12-24,,4,12,0,,
5167530726,0,True,2509,3,7,69,2019-12-24,21,7,7,0,,
5167595376,128,False,1132,3,7,98,2019-12-24,21,4,0,0,,
5167632348,0,True,1785,3,7,65,2019-12-24,21,8,4,0,,
5167691147,132,False,2066,3,7,104,2019-12-24,,12,7,0,,
5168772939,4,False,2057,3,7,13,2019-12-25,21,10,7,0,,
5168819973,128,True,1739,3,7,98,2019-12-25,21,7,6,0,1,
5168870168,3,True,1359,22,7,104,2019-12-25,,11,3,0,,
5168919999,129,False,2129,3,7,98,2019-12-25,,5,11,0,,
5169888761,132,False,2077,3,7,13,2019-12-26,,15,4,0,,
5169927307,2,False,1969,3,7,2,2019-12-26,21,12,7,0,,
5169963840,4,True,2047,3,7,46,2019-12-26,21,14,4,0,,
5170003347,129,True,3365,3,7,13,2019-12-26,21,14,13,0,,
5170177460,2,False,1213,3,7,13,2019-12-26,21,3,8,0,,
5170220666,132,False,1378,3,7,52,2019-12-26,21,14,9,0,,
5170263964,4,False,2468,3,7,53,2019-12-26,21,6,12,0,,
5170341716,129,False,1639,3,7,13,2019-12-26,21,13,4,0,,
5173271386,4,True,1469,3,7,98,2019-12-28,21,6,1,0,,
5173361500,130,False,2212,3,7,16,2019-12-28,21,6,12,0,,
5173432499,4,True,2491,3,7,16,2019-12-28,21,7,8,0,,
5174487622,1,False,2742,3,7,51,2019-12-29,21,10,9,0,,
5174561177,0,True,2474,3,7,16,2019-12-29,21,5,5,0,,
5174663679,3,True,2153,3,7,13,2019-12-29,,4,16,0,,
5174743722,3,True,2351,3,7,16,2019-12-29,,9,8,0,,
5174825616,1,True,1837,3,7,16,2019-12-29,21,6,6,0,,
5174885242,130,False,2319,3,7,76,2019-12-29,21,9,11,0,,
5174952124,130,False,1372,3,7,23,2019-12-29,21,13,0,0,,
5183056743,131,True,1777,3,7,104,2020-01-04,21,4,4,0,,
5183116076,0,True,868,3,7,86,2020-01-04,21,3,1,0,1,
5183186304,132,True,1271,3,7,13,2020-01-04,,9,7,0,1,
5183237171,132,True,2833,3,7,39,2020-01-04,21,13,11,0,,
5183332352,3,False,1519,3,7,16,2020-01-04,21,1,13,0,,
5183390738,2,False,1873,3,7,20,2020-01-04,21,2,12,0,,
5183450873,129,True,1402,3,7,119,2020-01-04,21,4,9,0,,
5183508175,3,True,2402,3,7,88,2020-01-04,21,3,8,0,2,
5184138323,4,False,2245,3,7,104,2020-01-05,21,11,4,0,,
5184462298,129,False,1614,3,7,13,2020-01-05,21,10,4,0,,
5184518833,129,False,2198,3,7,28,2020-01-05,21,5,2,0,,
5184586765,130,False,1423,3,7,13,2020-01-05,21,8,4,0,,
5184637655,0,True,2390,3,7,100,2020-01-05,21,9,11,0,1,
5184711571,131,False,2566,3,7,112,2020-01-05,21,7,5,0,,
5184795157,4,True,2260,3,7,46,2020-01-05,21,10,3,0,1,
5184881828,2,True,2113,3,7,69,2020-01-05,21,7,1,0,1,
5185767461,3,True,2740,3,7,23,2020-01-06,21,9,3,0,,
5185816894,0,False,3244,3,7,16,2020-01-06,21,4,10,0,,
5185879178,131,False,2095,3,7,102,2020-01-06,21,8,8,0,,
5185924110,4,True,1367,3,7,16,2020-01-06,21,6,1,0,1,
5185963755,130,True,1864,3,7,102,2020-01-06,21,4,4,0,,
5186015015,131,True,1997,3,7,52,2020-01-06,21,8,9,0,1,
5186073358,4,True,2671,3,7,13,2020-01-06,21,13,8,0,,
5186153082,129,False,1306,3,7,13,2020-01-06,21,6,0,0,1,
5186199355,4,True,3620,3,7,30,2020-01-06,21,7,22,0,,
5186302448,2,True,2017,3,7,104,2020-01-06,,11,7,0,2,
5186359478,4,False,2716,3,7,65,2020-01-06,,16,4,0,,
5186973926,1,False,2200,3,7,23,2020-01-07,21,2,7,0,2,
5187052385,130,False,1974,3,7,23,2020-01-07,21,11,1,0,2,
5187096317,131,False,1336,3,7,13,2020-01-07,21,7,2,0,2,
5187120877,129,False,2603,3,7,112,2020-01-07,,11,10,0,2,
5187169453,4,True,1444,3,7,120,2020-01-07,,7,2,0,,
5187251185,129,False,1918,3,7,120,2020-01-07,21,7,3,0,1,
5192330181,4,True,1210,3,7,13,2020-01-11,21,5,2,0,,
5192360572,3,True,1515,3,7,120,2020-01-11,21,5,3,0,,
5192399021,128,True,1953,3,7,112,2020-01-11,21,4,9,0,1,
5192616429,1,True,543,2,9,11,2020-01-11,,3,2,0,,
5192695162,131,False,829,3,7,87,2020-01-11,,6,0,0,,
5192726800,130,True,2234,3,7,98,2020-01-11,21,11,4,0,,
5192799299,2,True,2614,3,7,76,2020-01-11,21,17,2,0,,
5302955512,0,True,1378,2,1,12,2020-03-20,21,11,4,0,10,
5303152689,131,False,1236,2,1,32,2020-03-20,,15,2,0,10,
